user_id,Page
353627,Sign-up
718448,Sign-up
16667,Sign-up
288656,Sign-up
980814,Sign-up
49721,Sign-up
317792,Sign-up
436403,Sign-up
77743,Sign-up
63768,Sign-up
83513,Sign-up
890278,Sign-up
809128,Sign-up
871948,Sign-up
653194,Sign-up
504165,Sign-up
262770,Sign-up
233627,Sign-up
379208,Sign-up
736824,Sign-up
494799,Sign-up
190542,Sign-up
232406,Sign-up
596039,Sign-up
800526,Sign-up
606407,Sign-up
588135,Sign-up
19279,Sign-up
557705,Sign-up
939127,Sign-up
54048,Sign-up
622630,Sign-up
19421,Sign-up
277999,Sign-up
508575,Sign-up
813487,Sign-up
371849,Sign-up
565428,Sign-up
55971,Sign-up
727644,Sign-up
131059,Sign-up
244527,Sign-up
742451,Sign-up
495476,Sign-up
166111,Sign-up
676942,Sign-up
380692,Sign-up
149883,Sign-up
164100,Sign-up
707856,Sign-up
867575,Sign-up
829996,Sign-up
184543,Sign-up
250433,Sign-up
672728,Sign-up
394346,Sign-up
24152,Sign-up
330974,Sign-up
929714,Sign-up
204225,Sign-up
387682,Sign-up
168077,Sign-up
873763,Sign-up
808564,Sign-up
766080,Sign-up
348416,Sign-up
804792,Sign-up
225020,Sign-up
487262,Sign-up
104192,Sign-up
402207,Sign-up
701234,Sign-up
294938,Sign-up
945242,Sign-up
90362,Sign-up
149896,Sign-up
349939,Sign-up
573720,Sign-up
375194,Sign-up
638212,Sign-up
411172,Sign-up
753400,Sign-up
528933,Sign-up
439710,Sign-up
838943,Sign-up
58743,Sign-up
939917,Sign-up
409887,Sign-up
67917,Sign-up
244433,Sign-up
642811,Sign-up
533541,Sign-up
571523,Sign-up
352418,Sign-up
900906,Sign-up
162974,Sign-up
253405,Sign-up
717500,Sign-up
162851,Sign-up
720065,Sign-up
465044,Sign-up
457002,Sign-up
241781,Sign-up
763204,Sign-up
400317,Sign-up
616122,Sign-up
544460,Sign-up
305094,Sign-up
698205,Sign-up
33313,Sign-up
974218,Sign-up
64789,Sign-up
296781,Sign-up
31112,Sign-up
950868,Sign-up
144240,Sign-up
108999,Sign-up
63943,Sign-up
792677,Sign-up
796196,Sign-up
954287,Sign-up
321994,Sign-up
80715,Sign-up
249386,Sign-up
808706,Sign-up
989982,Sign-up
204570,Sign-up
912047,Sign-up
155922,Sign-up
689299,Sign-up
820792,Sign-up
551956,Sign-up
128064,Sign-up
550374,Sign-up
13376,Sign-up
932789,Sign-up
402800,Sign-up
877528,Sign-up
365257,Sign-up
264427,Sign-up
488786,Sign-up
187460,Sign-up
610096,Sign-up
106849,Sign-up
129819,Sign-up
678149,Sign-up
455932,Sign-up
460074,Sign-up
977417,Sign-up
954958,Sign-up
79501,Sign-up
212998,Sign-up
39924,Sign-up
724993,Sign-up
176170,Sign-up
474606,Sign-up
496716,Sign-up
550665,Sign-up
415494,Sign-up
391897,Sign-up
974527,Sign-up
351496,Sign-up
548350,Sign-up
30743,Sign-up
854366,Sign-up
251783,Sign-up
493265,Sign-up
818932,Sign-up
230016,Sign-up
414040,Sign-up
181450,Sign-up
394015,Sign-up
818586,Sign-up
800683,Sign-up
930746,Sign-up
435877,Sign-up
86629,Sign-up
769896,Sign-up
753005,Sign-up
994214,Sign-up
509762,Sign-up
556686,Sign-up
537180,Sign-up
24956,Sign-up
281731,Sign-up
759690,Sign-up
582891,Sign-up
727527,Sign-up
49476,Sign-up
206099,Sign-up
85584,Sign-up
880777,Sign-up
830341,Sign-up
165569,Sign-up
496401,Sign-up
754196,Sign-up
996695,Sign-up
296613,Sign-up
13847,Sign-up
380574,Sign-up
591073,Sign-up
783083,Sign-up
463364,Sign-up
217933,Sign-up
197512,Sign-up
576129,Sign-up
540636,Sign-up
574134,Sign-up
740526,Sign-up
62459,Sign-up
836553,Sign-up
88171,Sign-up
924835,Sign-up
328437,Sign-up
734418,Sign-up
400382,Sign-up
574589,Sign-up
311076,Sign-up
654923,Sign-up
663455,Sign-up
753884,Sign-up
126234,Sign-up
801789,Sign-up
102621,Sign-up
452104,Sign-up
340707,Sign-up
766571,Sign-up
929798,Sign-up
223647,Sign-up
717050,Sign-up
840915,Sign-up
546626,Sign-up
854196,Sign-up
546974,Sign-up
399041,Sign-up
190759,Sign-up
932233,Sign-up
806098,Sign-up
72293,Sign-up
370718,Sign-up
304027,Sign-up
272125,Sign-up
931702,Sign-up
143025,Sign-up
247676,Sign-up
572208,Sign-up
876442,Sign-up
995577,Sign-up
187913,Sign-up
944009,Sign-up
472362,Sign-up
431507,Sign-up
221087,Sign-up
896388,Sign-up
584823,Sign-up
855757,Sign-up
131156,Sign-up
615523,Sign-up
177590,Sign-up
330826,Sign-up
227860,Sign-up
15866,Sign-up
556244,Sign-up
932782,Sign-up
998967,Sign-up
512122,Sign-up
434293,Sign-up
293678,Sign-up
273627,Sign-up
591230,Sign-up
80888,Sign-up
847910,Sign-up
661593,Sign-up
571003,Sign-up
592156,Sign-up
660430,Sign-up
433783,Sign-up
171758,Sign-up
855359,Sign-up
308885,Sign-up
652238,Sign-up
170775,Sign-up
516001,Sign-up
838832,Sign-up
851692,Sign-up
283669,Sign-up
868487,Sign-up
328066,Sign-up
684704,Sign-up
833213,Sign-up
793655,Sign-up
802742,Sign-up
285929,Sign-up
381549,Sign-up
773839,Sign-up
509220,Sign-up
671905,Sign-up
453276,Sign-up
510905,Sign-up
820859,Sign-up
911112,Sign-up
362458,Sign-up
195605,Sign-up
446887,Sign-up
708395,Sign-up
158393,Sign-up
405800,Sign-up
657222,Sign-up
874756,Sign-up
650544,Sign-up
909844,Sign-up
830799,Sign-up
797857,Sign-up
534881,Sign-up
751308,Sign-up
491240,Sign-up
175481,Sign-up
66406,Sign-up
248608,Sign-up
830794,Sign-up
949181,Sign-up
523270,Sign-up
789854,Sign-up
106678,Sign-up
636289,Sign-up
626127,Sign-up
833227,Sign-up
251690,Sign-up
208962,Sign-up
296252,Sign-up
188091,Sign-up
93709,Sign-up
146374,Sign-up
608810,Sign-up
387146,Sign-up
137806,Sign-up
222179,Sign-up
698993,Sign-up
368739,Sign-up
89978,Sign-up
111462,Sign-up
635882,Sign-up
680298,Sign-up
924432,Sign-up
497592,Sign-up
553529,Sign-up
456887,Sign-up
354987,Sign-up
696232,Sign-up
302683,Sign-up
928168,Sign-up
546299,Sign-up
976125,Sign-up
524904,Sign-up
56101,Sign-up
128237,Sign-up
567697,Sign-up
48028,Sign-up
182043,Sign-up
915012,Sign-up
433229,Sign-up
719207,Sign-up
478802,Sign-up
406600,Sign-up
376168,Sign-up
817316,Sign-up
278746,Sign-up
439238,Sign-up
700110,Sign-up
228039,Sign-up
775099,Sign-up
87791,Sign-up
645378,Sign-up
876497,Sign-up
887107,Sign-up
197259,Sign-up
266049,Sign-up
930334,Sign-up
351990,Sign-up
269629,Sign-up
557463,Sign-up
334488,Sign-up
747410,Sign-up
910090,Sign-up
465623,Sign-up
682151,Sign-up
462584,Sign-up
631882,Sign-up
591788,Sign-up
265768,Sign-up
241569,Sign-up
322160,Sign-up
790460,Sign-up
673612,Sign-up
565339,Sign-up
604849,Sign-up
715674,Sign-up
631287,Sign-up
632988,Sign-up
323167,Sign-up
243115,Sign-up
539364,Sign-up
26310,Sign-up
289248,Sign-up
310874,Sign-up
319361,Sign-up
273327,Sign-up
138095,Sign-up
719493,Sign-up
561960,Sign-up
127829,Sign-up
336050,Sign-up
155421,Sign-up
762472,Sign-up
563971,Sign-up
249550,Sign-up
264801,Sign-up
24722,Sign-up
893534,Sign-up
305504,Sign-up
797787,Sign-up
878192,Sign-up
800510,Sign-up
126023,Sign-up
604559,Sign-up
408698,Sign-up
871520,Sign-up
791187,Sign-up
879722,Sign-up
513997,Sign-up
181151,Sign-up
260958,Sign-up
662676,Sign-up
251977,Sign-up
545462,Sign-up
440592,Sign-up
